"Source","Destination","Reason","Bytes"
"paper_iswc_camera_ready\main_merge_preview.pdf","paper\STC_ISWC_2026.pdf","Camera-ready paper","434857"
"paper_iswc_camera_ready\supplementary.pdf","paper\STC_ISWC_2026_supplementary.pdf","Supplementary material","437181"
"scripts\build_dbpedia_eval_subset.py","scripts\build_dbpedia_eval_subset.py","Dependency-aware public script collection","13501"
"scripts\run_exp01_blindness_diagnostics.py","scripts\run_exp01_blindness_diagnostics.py","Dependency-aware public script collection","48398"
"scripts\run_exp02_exact_blind_subset_bench.py","scripts\run_exp02_exact_blind_subset_bench.py","Dependency-aware public script collection","65757"
"scripts\run_exp03_global_return_semantics_exact.py","scripts\run_exp03_global_return_semantics_exact.py","Dependency-aware public script collection","64957"
"scripts\run_exp04_practicality_exact.py","scripts\run_exp04_practicality_exact.py","Dependency-aware public script collection","48725"
"scripts\run_exp05_unknown_aware_global.py","scripts\run_exp05_unknown_aware_global.py","Dependency-aware public script collection","51551"
"scripts\run_exp06_ablations_exact.py","scripts\run_exp06_ablations_exact.py","Dependency-aware public script collection","60294"
"scripts\run_exp07_quota_blind_subset_bench.py","scripts\run_exp07_quota_blind_subset_bench.py","Dependency-aware public script collection","52934"
"scripts\run_exp08_global_quota_return_semantics.py","scripts\run_exp08_global_quota_return_semantics.py","Dependency-aware public script collection","57936"
"scripts\run_exp09_quota_vs_filtering_partial.py","scripts\run_exp09_quota_vs_filtering_partial.py","Dependency-aware public script collection","70460"
"scripts\run_exp10_collapse_sensitivity_analysis.py","scripts\run_exp10_collapse_sensitivity_analysis.py","Dependency-aware public script collection","58812"
"scripts\run_exp11_typed_entity_retrieval_generalization.py","scripts\run_exp11_typed_entity_retrieval_generalization.py","Dependency-aware public script collection","64089"
"scripts\run_exp12_quota_matched_baselines.py","scripts\run_exp12_quota_matched_baselines.py","Dependency-aware public script collection","74866"
"scripts\run_exp13_fixed_lambda_grid.py","scripts\run_exp13_fixed_lambda_grid.py","Dependency-aware public script collection","18899"
"scripts\run_exp14_factual_utility.py","scripts\run_exp14_factual_utility.py","Dependency-aware public script collection","18826"
"scripts\run_exp19_bootstrap_ci.py","scripts\run_exp19_bootstrap_ci.py","Dependency-aware public script collection","18843"
"scripts\run_exp21_runtime_breakdown.py","scripts\run_exp21_runtime_breakdown.py","Dependency-aware public script collection","9998"
"scripts\run_exp22_learned_reranker_baseline.py","scripts\run_exp22_learned_reranker_baseline.py","Dependency-aware public script collection","33120"
"artifacts\stc_final_tables_corrected\exp12_corrected_quota_frontier.csv","results\frozen\exp12_corrected_quota_frontier.csv","Publication-level frozen result","5098"
"artifacts\stc_final_tables_corrected\exp13_corrected_fixed_lambda_comparison.csv","results\frozen\exp13_corrected_fixed_lambda_comparison.csv","Publication-level frozen result","2442"
"artifacts\stc_final_tables_corrected\exp14_all_scorers_corrected_optq_compact.csv","results\frozen\exp14_all_scorers_corrected_optq_compact.csv","Publication-level frozen result","3066"
"artifacts\stc_final_tables_corrected\exp16_corrected_energy_ablation_compact.csv","results\frozen\exp16_corrected_energy_ablation_compact.csv","Publication-level frozen result","7197"
"artifacts\stc_final_tables_corrected\exp19_corrected_bootstrap_optq_compact.csv","results\frozen\exp19_corrected_bootstrap_optq_compact.csv","Publication-level frozen result","6667"
"artifacts\stc_final_tables_corrected\exp21_runtime_breakdown_paper_verified.csv","results\frozen\exp21_runtime_breakdown_paper_verified.csv","Publication-level frozen result","510"
"artifacts\stc_final_tables_corrected\exp22_all_datasets_learned_reranker_selected.csv","results\frozen\exp22_all_datasets_learned_reranker_selected.csv","Publication-level frozen result","3853"
"artifacts\stc_final_tables_corrected\exp22_paper_blindstrict_all_scorers.csv","results\frozen\exp22_paper_blindstrict_all_scorers.csv","Publication-level frozen result","3594"
"artifacts\stc_final_tables_corrected\exp23_paper_relation_concentration_summary.csv","results\frozen\exp23_paper_relation_concentration_summary.csv","Publication-level frozen result","509"
"artifacts\stc_final_tables_corrected\exp24_head_tail_slice_q5_summary.csv","results\frozen\exp24_head_tail_slice_q5_summary.csv","Publication-level frozen result","3447"
"artifacts\iswc_camera_ready\semantic_coverage\semantic_coverage_candidates.csv","results\frozen\semantic_coverage_candidates.csv","Publication-level frozen result","1474"
"artifacts\iswc_camera_ready\STC_TO_ISWC_FINAL_AUDIT_V4_20260731_100445\AUDIT_REPORT_V4.md","results\provenance\AUDIT_REPORT_V4.md","Redacted final STC-to-ISWC provenance","7313"
"artifacts\iswc_camera_ready\STC_TO_ISWC_FINAL_AUDIT_V4_20260731_100445\audit_v4_matrix.csv","results\provenance\audit_v4_matrix.csv","Redacted final STC-to-ISWC provenance","8268"
"artifacts\iswc_camera_ready\STC_TO_ISWC_FINAL_AUDIT_V4_20260731_100445\ROUNDING_CORRECTION.txt","results\provenance\ROUNDING_CORRECTION.txt","Redacted final STC-to-ISWC provenance","326"
"artifacts\iswc_camera_ready\STC_TO_ISWC_FINAL_AUDIT_V4_20260731_100445\sources_unchanged_during_audit.txt","results\provenance\sources_unchanged_during_audit.txt","Redacted final STC-to-ISWC provenance","60"
"data\processed\dbpedia\preflight.json","metadata\dbpedia\preflight.json","Lightweight preprocessing metadata","5474"
"data\processed\dbpedia\relation_constraints.json","metadata\dbpedia\relation_constraints.json","Lightweight preprocessing metadata","108587"
"data\processed\dbpedia\disjoint_pairs.json","metadata\dbpedia\disjoint_pairs.json","Lightweight preprocessing metadata","2487"
"data\processed\dbpedia\relation_split_stats.json","metadata\dbpedia\relation_split_stats.json","Lightweight preprocessing metadata","81073"
"data\processed\dbpedia\file_stats.json","metadata\dbpedia\file_stats.json","Lightweight preprocessing metadata","1440"
"data\processed\drugbank\preflight.json","metadata\drugbank\preflight.json","Lightweight preprocessing metadata","2466"
"data\processed\drugbank\relation_constraints.json","metadata\drugbank\relation_constraints.json","Lightweight preprocessing metadata","615"
"data\processed\drugbank\disjoint_pairs.json","metadata\drugbank\disjoint_pairs.json","Lightweight preprocessing metadata","110"
"data\processed\drugbank\relation_split_stats.json","metadata\drugbank\relation_split_stats.json","Lightweight preprocessing metadata","799"
"data\processed\drugbank\parse_stats.json","metadata\drugbank\parse_stats.json","Lightweight preprocessing metadata","897"
"data\processed\eurostatkg\preflight.json","metadata\eurostatkg\preflight.json","Lightweight preprocessing metadata","2447"
"data\processed\eurostatkg\relation_constraints.json","metadata\eurostatkg\relation_constraints.json","Lightweight preprocessing metadata","3991"
"data\processed\eurostatkg\disjoint_pairs.json","metadata\eurostatkg\disjoint_pairs.json","Lightweight preprocessing metadata","2"
"data\processed\eurostatkg\relation_split_stats.json","metadata\eurostatkg\relation_split_stats.json","Lightweight preprocessing metadata","3350"
"data\processed\eurostatkg\file_stats.json","metadata\eurostatkg\file_stats.json","Lightweight preprocessing metadata","527"
